Workbook

Sheet Instructions
A1: Perform the following in the dataset from the 'Dataset' sheet.
B3: 1) Handling Missing Values:
C4: • Check for missing values in the 'Price' column. How would you handle products with missing price information?
C5: • If there are products with missing categories, propose a strategy to impute or deal with these missing values effectively.
B7: 2) Correcting Inconsistent Data:
C8: • Identify any inconsistent text formats present in the "Product Name" column.
C9: • Identify any typos present in the "Category" column.
C10: • Use the find and replace function to standardize the text formats in the "Product Name" column and fix any typos or misspellings in the "Category" column.
B12: 3) Removing Duplicates:
C13: • Identify any duplicate rows within the dataset based on the entirety of each row, and remove them if any.
B15: 4) Splitting and Merging Data:
C16: • Split the "Product ID" column into two separate columns for " Manufacturing Date" and "Country Code". Remove unnecessary characters, if any.
C17: • Merge the "Brand Name" and "Product Name" columns into one column named "Product Brand".
B19: 5) Number Formatting:
C20: • Format the data type of the "Price" column to currency format.
C21: • Format the "Manufacturing Date" column to display dates in the "DD-MM-YYYY " format.
B23: 6) Conditional Formatting:
C24: • Apply data bar or color scales conditional formatting in the "Price" column.
C25: • Create a custom rule for conditional formatting in the "Category" column to highlight cells where the category is "Electronics."

Sheet Dataset
A1: Product ID | B1: Product Name | C1: Brand Name | D1: Price ($) | E1: Quantity | F1: Category
A2: 28-JAN-US | B2: laptop | C2: Dell | D2: 1000 | E2: 30 | F2: Electronics
A3: 15-FEB-US | B3: Sneakers | C3: Nike | D3: 80 | E3: 15 | F3: Fashion
A4: 03-MAR-US | B4: Coffee Maker | C4: Keurig | D4: 130 | E4: 40 | F4: Kitchen
A5: 11-APR-US | B5: smartphone | C5: Samsung | D5: 900 | E5: 25 | F5: Electronics
A6: 22-MAY-US | B6: Backpack | C6: North Face | D6: 70 | E6: 20
A7: 07-JUN-UK | B7: Headphones | C7: Sony | E7: 45 | F7: Electroni
A8: 19-JUL-UK | B8: T-shirt | C8: Adidas | D8: 30 | E8: 5 | F8: Fashion
A9: 23-AUG-UK | B9: Blender | C9: Ninja | D9: 90 | E9: 35 | F9: Kitchen
A10: 05-SEP-UK | B10: Tablet | C10: Apple | D10: 500 | E10: 50 | F10: Electronics
A11: 14-OCT-UK | B11: Hiking Boots | C11: Timberland | D11: 130 | E11: 10 | F11: Outdoor
A12: 17-JUN-IN | B12: Laptop | C12: HP | D12: 950 | E12: 25 | F12: Electronics
A13: 25-NOV-AU | B13: Sneakers | C13: Adidas | D13: 90 | E13: 40
A14: 08-DEC-DE | B14: Coffee Maker | C14: Nespresso | D14: 120 | E14: 35
A15: 18-FEB-CA | B15: Smartwatch | C15: Fitbit | D15: 150 | E15: 15 | F15: Electroni
A16: 16-APR-ES | B16: headphones | C16: Bose | D16: 250 | E16: 20 | F16: Electroni
A17: 21-AUG-CA | B17: Laptop Bag | C17: Samsonite | D17: 50 | E17: 35 | F17: Accessories
A18: 20-AUG-CN | B18: Smartwatch | C18: Huawei | D18: 160 | E18: 15 | F18: Electroni
A19: 27-JAN-IT | B19: laptop | C19: Asus | D19: 980 | E19: 10 | F19: Electronics
A20: 01-MAR-UK | B20: Sunglasses | C20: Oakley | D20: 150 | E20: 15 | F20: Fashion
A21: 14-AUG-US | B21: Camping Tent | C21: Coleman | E21: 10 | F21: Outdoor
A22: 14-MAY-RU | B22: Camera | C22: Nikon | D22: 700 | E22: 50 | F22: Electronics
A23: 09-JAN-CA | B23: Microwave | C23: Panasonic | D23: 80 | E23: 20 | F23: Kitchen
A24: 19-JUL-BR | B24: Fitness Tracker | C24: Xiaomi | D24: 150 | E24: 30
A25: 21-AUG-CA | B25: Laptop Bag | C25: Samsonite | D25: 50 | E25: 35 | F25: Accessories
A26: 29-SEP-CA | B26: Smartphone | C26: Google | D26: 800 | E26: 45 | F26: Electronics
A27: 03-JUN-CA | B27: Sunglasses | C27: Ray-Ban | E27: 25 | F27: Fashion
A28: 11-JUL-CA | B28: Blender | C28: Vitamix | D28: 400 | E28: 40 | F28: Kitchen
A29: 16-APR-ES | B29: headphones | C29: Bose | D29: 250 | E29: 20 | F29: Electroni
A30: 07-MAR-CA | B30: Dress | C30: Zara | D30: 60 | E30: 30 | F30: Fashion
A31: 13-APR-CA | B31: Toaster | C31: Hamilton | D31: 40 | E31: 10 | F31: Kitchen
A32: 24-MAY-CA | B32: Fitness Tracker | C32: Garmin | D32: 130 | E32: 5 | F32: Electronics
A33: 02-DEC-CA | B33: Jeans | C33: Levi's | D33: 50 | E33: 50 | F33: Fashion
A34: 17-JUN-IN | B34: Laptop | C34: HP | D34: 950 | E34: 25 | F34: Electronics
A35: 09-JUL-FR | B35: Watch | C35: Casio | D35: 100 | E35: 20 | F35: Accessories

Sheet Sheet2
A1: Product ID | B1: Product Name | C1: Brand Name | D1: PRICE | E1: Quantity | F1: Category | I1: Manufacturing date | J1: Country code | K1: Date | L1: PRICE | M1: product name | N1: product brand | O1: category crted | P1: Price ($) | Q1: Price corrected
A2: 28-JAN-US | B2: laptop | C2: Dell | D2: 1000 | E2: 30 | F2: Electronics | I2: 28 | J2: US | K2: =DATE(2026,MONTH(MID(Sheet2!A2,4,3)&"1"),LEFT(Sheet2!A2,2)) -> 46050 | L2: =ISBLANK(Table1[[#This Row],[PRICE]]) -> FALSE | M2: Laptop | N2: =CONCATENATE(C2," ",M2) -> Dell Laptop | O2: Electronics | P2: 1000 | Q2: =IF(ISBLANK(Table1[[#This Row],[PRICE]]),MEDIAN(Table1[PRICE]),Table1[[#This Row],[PRICE]]) -> 1000
A3: 15-FEB-US | B3: Sneakers | C3: Nike | D3: 80 | E3: 15 | F3: Fashion | I3: 15 | J3: US | K3: =DATE(2026,MONTH(MID(Sheet2!A3,4,3)&"1"),LEFT(Sheet2!A3,2)) -> 46068 | L3: =ISBLANK(Table1[[#This Row],[PRICE]]) -> FALSE | M3: Sneakers | N3: =CONCATENATE(C3," ",M3) -> Nike Sneakers | O3: Fashion | P3: 80 | Q3: =IF(ISBLANK(Table1[[#This Row],[PRICE]]),MEDIAN(Table1[PRICE]),Table1[[#This Row],[PRICE]]) -> 80
A4: 03-MAR-US | B4: Coffee Maker | C4: Keurig | D4: 130 | E4: 40 | F4: Kitchen | I4: 3 | J4: US | K4: =DATE(2026,MONTH(MID(Sheet2!A4,4,3)&"1"),LEFT(Sheet2!A4,2)) -> 46084 | L4: =ISBLANK(Table1[[#This Row],[PRICE]]) -> FALSE | M4: Coffee Maker | N4: =CONCATENATE(C4," ",M4) -> Keurig Coffee Maker | O4: Kitchen | P4: 130 | Q4: =IF(ISBLANK(Table1[[#This Row],[PRICE]]),MEDIAN(Table1[PRICE]),Table1[[#This Row],[PRICE]]) -> 130
A5: 11-APR-US | B5: smartphone | C5: Samsung | D5: 900 | E5: 25 | F5: Electronics | I5: 11 | J5: US | K5: =DATE(2026,MONTH(MID(Sheet2!A5,4,3)&"1"),LEFT(Sheet2!A5,2)) -> 46123 | L5: =ISBLANK(Table1[[#This Row],[PRICE]]) -> FALSE | M5: Smartphone | N5: =CONCATENATE(C5," ",M5) -> Samsung Smartphone | O5: Electronics | P5: 900 | Q5: =IF(ISBLANK(Table1[[#This Row],[PRICE]]),MEDIAN(Table1[PRICE]),Table1[[#This Row],[PRICE]]) -> 900
A6: 22-MAY-US | B6: Backpack | C6: North Face | D6: 70 | E6: 20 | I6: 22 | J6: US | K6: =DATE(2026,MONTH(MID(Sheet2!A6,4,3)&"1"),LEFT(Sheet2!A6,2)) -> 46164 | L6: =ISBLANK(Table1[[#This Row],[PRICE]]) -> FALSE | M6: Backpack | N6: =CONCATENATE(C6," ",M6) -> North Face Backpack | O6: unkonwn | P6: 70 | Q6: =IF(ISBLANK(Table1[[#This Row],[PRICE]]),MEDIAN(Table1[PRICE]),Table1[[#This Row],[PRICE]]) -> 70
A7: 07-JUN-UK | B7: Headphones | C7: Sony | E7: 45 | F7: Electronics | I7: 7 | J7: UK | K7: =DATE(2026,MONTH(MID(Sheet2!A7,4,3)&"1"),LEFT(Sheet2!A7,2)) -> 46180 | L7: =ISBLANK(Table1[[#This Row],[PRICE]]) -> TRUE | M7: Headphones | N7: =CONCATENATE(C7," ",M7) -> Sony Headphones | O7: Electronics | Q7: =IF(ISBLANK(Table1[[#This Row],[PRICE]]),MEDIAN(Table1[PRICE]),Table1[[#This Row],[PRICE]]) -> 130
A8: 19-JUL-UK | B8: T-shirt | C8: Adidas | D8: 30 | E8: 5 | F8: Fashion | I8: 19 | J8: UK | K8: =DATE(2026,MONTH(MID(Sheet2!A8,4,3)&"1"),LEFT(Sheet2!A8,2)) -> 46222 | L8: =ISBLANK(Table1[[#This Row],[PRICE]]) -> FALSE | M8: T-Shirt | N8: =CONCATENATE(C8," ",M8) -> Adidas T-Shirt | O8: Fashion | P8: 30 | Q8: =IF(ISBLANK(Table1[[#This Row],[PRICE]]),MEDIAN(Table1[PRICE]),Table1[[#This Row],[PRICE]]) -> 30
A9: 23-AUG-UK | B9: Blender | C9: Ninja | D9: 90 | E9: 35 | F9: Kitchen | I9: 23 | J9: UK | K9: =DATE(2026,MONTH(MID(Sheet2!A9,4,3)&"1"),LEFT(Sheet2!A9,2)) -> 46257 | L9: =ISBLANK(Table1[[#This Row],[PRICE]]) -> FALSE | M9: Blender | N9: =CONCATENATE(C9," ",M9) -> Ninja Blender | O9: Kitchen | P9: 90 | Q9: =IF(ISBLANK(Table1[[#This Row],[PRICE]]),MEDIAN(Table1[PRICE]),Table1[[#This Row],[PRICE]]) -> 90
A10: 05-SEP-UK | B10: Tablet | C10: Apple | D10: 500 | E10: 50 | F10: Electronics | I10: 5 | J10: UK | K10: =DATE(2026,MONTH(MID(Sheet2!A10,4,3)&"1"),LEFT(Sheet2!A10,2)) -> 46270 | L10: =ISBLANK(Table1[[#This Row],[PRICE]]) -> FALSE | M10: Tablet | N10: =CONCATENATE(C10," ",M10) -> Apple Tablet | O10: Electronics | P10: 500 | Q10: =IF(ISBLANK(Table1[[#This Row],[PRICE]]),MEDIAN(Table1[PRICE]),Table1[[#This Row],[PRICE]]) -> 500
A11: 14-OCT-UK | B11: Hiking Boots | C11: Timberland | D11: 130 | E11: 10 | F11: Outdoor | I11: 14 | J11: UK | K11: =DATE(2026,MONTH(MID(Sheet2!A11,4,3)&"1"),LEFT(Sheet2!A11,2)) -> 46309 | L11: =ISBLANK(Table1[[#This Row],[PRICE]]) -> FALSE | M11: Hiking Boots | N11: =CONCATENATE(C11," ",M11) -> Timberland Hiking Boots | O11: Outdoor | P11: 130 | Q11: =IF(ISBLANK(Table1[[#This Row],[PRICE]]),MEDIAN(Table1[PRICE]),Table1[[#This Row],[PRICE]]) -> 130
A12: 17-JUN-IN | B12: Laptop | C12: HP | D12: 950 | E12: 25 | F12: Electronics | I12: 17 | J12: IN | K12: =DATE(2026,MONTH(MID(Sheet2!A12,4,3)&"1"),LEFT(Sheet2!A12,2)) -> 46190 | L12: =ISBLANK(Table1[[#This Row],[PRICE]]) -> FALSE | M12: Laptop | N12: =CONCATENATE(C12," ",M12) -> HP Laptop | O12: Electronics | P12: 950 | Q12: =IF(ISBLANK(Table1[[#This Row],[PRICE]]),MEDIAN(Table1[PRICE]),Table1[[#This Row],[PRICE]]) -> 950
A13: 25-NOV-AU | B13: Sneakers | C13: Adidas | D13: 90 | E13: 40 | I13: 25 | J13: AU | K13: =DATE(2026,MONTH(MID(Sheet2!A13,4,3)&"1"),LEFT(Sheet2!A13,2)) -> 46351 | L13: =ISBLANK(Table1[[#This Row],[PRICE]]) -> FALSE | M13: Sneakers | N13: =CONCATENATE(C13," ",M13) -> Adidas Sneakers | O13: unkonwn | P13: 90 | Q13: =IF(ISBLANK(Table1[[#This Row],[PRICE]]),MEDIAN(Table1[PRICE]),Table1[[#This Row],[PRICE]]) -> 90
A14: 08-DEC-DE | B14: Coffee Maker | C14: Nespresso | D14: 120 | E14: 35 | I14: 8 | J14: DE | K14: =DATE(2026,MONTH(MID(Sheet2!A14,4,3)&"1"),LEFT(Sheet2!A14,2)) -> 46364 | L14: =ISBLANK(Table1[[#This Row],[PRICE]]) -> FALSE | M14: Coffee Maker | N14: =CONCATENATE(C14," ",M14) -> Nespresso Coffee Maker | O14: unkonwn | P14: 120 | Q14: =IF(ISBLANK(Table1[[#This Row],[PRICE]]),MEDIAN(Table1[PRICE]),Table1[[#This Row],[PRICE]]) -> 120
A15: 18-FEB-CA | B15: Smartwatch | C15: Fitbit | D15: 150 | E15: 15 | F15: Electronics | I15: 18 | J15: CA | K15: =DATE(2026,MONTH(MID(Sheet2!A15,4,3)&"1"),LEFT(Sheet2!A15,2)) -> 46071 | L15: =ISBLANK(Table1[[#This Row],[PRICE]]) -> FALSE | M15: Smartwatch | N15: =CONCATENATE(C15," ",M15) -> Fitbit Smartwatch | O15: Electronics | P15: 150 | Q15: =IF(ISBLANK(Table1[[#This Row],[PRICE]]),MEDIAN(Table1[PRICE]),Table1[[#This Row],[PRICE]]) -> 150
A16: 16-APR-ES | B16: headphones | C16: Bose | D16: 250 | E16: 20 | F16: Electronics | I16: 16 | J16: ES | K16: =DATE(2026,MONTH(MID(Sheet2!A16,4,3)&"1"),LEFT(Sheet2!A16,2)) -> 46128 | L16: =ISBLANK(Table1[[#This Row],[PRICE]]) -> FALSE | M16: Headphones | N16: =CONCATENATE(C16," ",M16) -> Bose Headphones | O16: Electronics | P16: 250 | Q16: =IF(ISBLANK(Table1[[#This Row],[PRICE]]),MEDIAN(Table1[PRICE]),Table1[[#This Row],[PRICE]]) -> 250
A17: 21-AUG-CA | B17: Laptop Bag | C17: Samsonite | D17: 50 | E17: 35 | F17: Accessories | I17: 21 | J17: CA | K17: =DATE(2026,MONTH(MID(Sheet2!A17,4,3)&"1"),LEFT(Sheet2!A17,2)) -> 46255 | L17: =ISBLANK(Table1[[#This Row],[PRICE]]) -> FALSE | M17: Laptop Bag | N17: =CONCATENATE(C17," ",M17) -> Samsonite Laptop Bag | O17: Accessories | P17: 50 | Q17: =IF(ISBLANK(Table1[[#This Row],[PRICE]]),MEDIAN(Table1[PRICE]),Table1[[#This Row],[PRICE]]) -> 50
A18: 20-AUG-CN | B18: Smartwatch | C18: Huawei | D18: 160 | E18: 15 | F18: Electronics | I18: 20 | J18: CN | K18: =DATE(2026,MONTH(MID(Sheet2!A18,4,3)&"1"),LEFT(Sheet2!A18,2)) -> 46254 | L18: =ISBLANK(Table1[[#This Row],[PRICE]]) -> FALSE | M18: Smartwatch | N18: =CONCATENATE(C18," ",M18) -> Huawei Smartwatch | O18: Electronics | P18: 160 | Q18: =IF(ISBLANK(Table1[[#This Row],[PRICE]]),MEDIAN(Table1[PRICE]),Table1[[#This Row],[PRICE]]) -> 160
A19: 27-JAN-IT | B19: laptop | C19: Asus | D19: 980 | E19: 10 | F19: Electronics | I19: 27 | J19: IT | K19: =DATE(2026,MONTH(MID(Sheet2!A19,4,3)&"1"),LEFT(Sheet2!A19,2)) -> 46049 | L19: =ISBLANK(Table1[[#This Row],[PRICE]]) -> FALSE | M19: Laptop | N19: =CONCATENATE(C19," ",M19) -> Asus Laptop | O19: Electronics | P19: 980 | Q19: =IF(ISBLANK(Table1[[#This Row],[PRICE]]),MEDIAN(Table1[PRICE]),Table1[[#This Row],[PRICE]]) -> 980
A20: 01-MAR-UK | B20: Sunglasses | C20: Oakley | D20: 150 | E20: 15 | F20: Fashion | I20: 1 | J20: UK | K20: =DATE(2026,MONTH(MID(Sheet2!A20,4,3)&"1"),LEFT(Sheet2!A20,2)) -> 46082 | L20: =ISBLANK(Table1[[#This Row],[PRICE]]) -> FALSE | M20: Sunglasses | N20: =CONCATENATE(C20," ",M20) -> Oakley Sunglasses | O20: Fashion | P20: 150 | Q20: =IF(ISBLANK(Table1[[#This Row],[PRICE]]),MEDIAN(Table1[PRICE]),Table1[[#This Row],[PRICE]]) -> 150
A21: 14-AUG-US | B21: Camping Tent | C21: Coleman | E21: 10 | F21: Outdoor | I21: 14 | J21: US | K21: =DATE(2026,MONTH(MID(Sheet2!A21,4,3)&"1"),LEFT(Sheet2!A21,2)) -> 46248 | L21: =ISBLANK(Table1[[#This Row],[PRICE]]) -> TRUE | M21: Camping Tent | N21: =CONCATENATE(C21," ",M21) -> Coleman Camping Tent | O21: Outdoor | Q21: =IF(ISBLANK(Table1[[#This Row],[PRICE]]),MEDIAN(Table1[PRICE]),Table1[[#This Row],[PRICE]]) -> 130
A22: 14-MAY-RU | B22: Camera | C22: Nikon | D22: 700 | E22: 50 | F22: Electronics | I22: 14 | J22: RU | K22: =DATE(2026,MONTH(MID(Sheet2!A22,4,3)&"1"),LEFT(Sheet2!A22,2)) -> 46156 | L22: =ISBLANK(Table1[[#This Row],[PRICE]]) -> FALSE | M22: Camera | N22: =CONCATENATE(C22," ",M22) -> Nikon Camera | O22: Electronics | P22: 700 | Q22: =IF(ISBLANK(Table1[[#This Row],[PRICE]]),MEDIAN(Table1[PRICE]),Table1[[#This Row],[PRICE]]) -> 700
A23: 09-JAN-CA | B23: Microwave | C23: Panasonic | D23: 80 | E23: 20 | F23: Kitchen | I23: 9 | J23: CA | K23: =DATE(2026,MONTH(MID(Sheet2!A23,4,3)&"1"),LEFT(Sheet2!A23,2)) -> 46031 | L23: =ISBLANK(Table1[[#This Row],[PRICE]]) -> FALSE | M23: Microwave | N23: =CONCATENATE(C23," ",M23) -> Panasonic Microwave | O23: Kitchen | P23: 80 | Q23: =IF(ISBLANK(Table1[[#This Row],[PRICE]]),MEDIAN(Table1[PRICE]),Table1[[#This Row],[PRICE]]) -> 80
A24: 19-JUL-BR | B24: Fitness Tracker | C24: Xiaomi | D24: 150 | E24: 30 | I24: 19 | J24: BR | K24: =DATE(2026,MONTH(MID(Sheet2!A24,4,3)&"1"),LEFT(Sheet2!A24,2)) -> 46222 | L24: =ISBLANK(Table1[[#This Row],[PRICE]]) -> FALSE | M24: Fitness Tracker | N24: =CONCATENATE(C24," ",M24) -> Xiaomi Fitness Tracker | O24: unkonwn | P24: 150 | Q24: =IF(ISBLANK(Table1[[#This Row],[PRICE]]),MEDIAN(Table1[PRICE]),Table1[[#This Row],[PRICE]]) -> 150
A25: 29-SEP-CA | B25: Smartphone | C25: Google | D25: 800 | E25: 45 | F25: Electronics | I25: 29 | J25: CA | K25: =DATE(2026,MONTH(MID(Sheet2!A25,4,3)&"1"),LEFT(Sheet2!A25,2)) -> 46294 | L25: =ISBLANK(Table1[[#This Row],[PRICE]]) -> FALSE | M25: Smartphone | N25: =CONCATENATE(C25," ",M25) -> Google Smartphone | O25: Electronics | P25: 800 | Q25: =IF(ISBLANK(Table1[[#This Row],[PRICE]]),MEDIAN(Table1[PRICE]),Table1[[#This Row],[PRICE]]) -> 800
A26: 03-JUN-CA | B26: Sunglasses | C26: Ray-Ban | E26: 25 | F26: Fashion | I26: 3 | J26: CA | K26: =DATE(2026,MONTH(MID(Sheet2!A26,4,3)&"1"),LEFT(Sheet2!A26,2)) -> 46176 | L26: =ISBLANK(Table1[[#This Row],[PRICE]]) -> TRUE | M26: Sunglasses | N26: =CONCATENATE(C26," ",M26) -> Ray-Ban Sunglasses | O26: Fashion | Q26: =IF(ISBLANK(Table1[[#This Row],[PRICE]]),MEDIAN(Table1[PRICE]),Table1[[#This Row],[PRICE]]) -> 130
A27: 11-JUL-CA | B27: Blender | C27: Vitamix | D27: 400 | E27: 40 | F27: Kitchen | I27: 11 | J27: CA | K27: =DATE(2026,MONTH(MID(Sheet2!A27,4,3)&"1"),LEFT(Sheet2!A27,2)) -> 46214 | L27: =ISBLANK(Table1[[#This Row],[PRICE]]) -> FALSE | M27: Blender | N27: =CONCATENATE(C27," ",M27) -> Vitamix Blender | O27: Kitchen | P27: 400 | Q27: =IF(ISBLANK(Table1[[#This Row],[PRICE]]),MEDIAN(Table1[PRICE]),Table1[[#This Row],[PRICE]]) -> 400
A28: 07-MAR-CA | B28: Dress | C28: Zara | D28: 60 | E28: 30 | F28: Fashion | I28: 7 | J28: CA | K28: =DATE(2026,MONTH(MID(Sheet2!A28,4,3)&"1"),LEFT(Sheet2!A28,2)) -> 46088 | L28: =ISBLANK(Table1[[#This Row],[PRICE]]) -> FALSE | M28: Dress | N28: =CONCATENATE(C28," ",M28) -> Zara Dress | O28: Fashion | P28: 60 | Q28: =IF(ISBLANK(Table1[[#This Row],[PRICE]]),MEDIAN(Table1[PRICE]),Table1[[#This Row],[PRICE]]) -> 60
A29: 13-APR-CA | B29: Toaster | C29: Hamilton | D29: 40 | E29: 10 | F29: Kitchen | I29: 13 | J29: CA | K29: =DATE(2026,MONTH(MID(Sheet2!A29,4,3)&"1"),LEFT(Sheet2!A29,2)) -> 46125 | L29: =ISBLANK(Table1[[#This Row],[PRICE]]) -> FALSE | M29: Toaster | N29: =CONCATENATE(C29," ",M29) -> Hamilton Toaster | O29: Kitchen | P29: 40 | Q29: =IF(ISBLANK(Table1[[#This Row],[PRICE]]),MEDIAN(Table1[PRICE]),Table1[[#This Row],[PRICE]]) -> 40
A30: 24-MAY-CA | B30: Fitness Tracker | C30: Garmin | D30: 130 | E30: 5 | F30: Electronics | I30: 24 | J30: CA | K30: =DATE(2026,MONTH(MID(Sheet2!A30,4,3)&"1"),LEFT(Sheet2!A30,2)) -> 46166 | L30: =ISBLANK(Table1[[#This Row],[PRICE]]) -> FALSE | M30: Fitness Tracker | N30: =CONCATENATE(C30," ",M30) -> Garmin Fitness Tracker | O30: Electronics | P30: 130 | Q30: =IF(ISBLANK(Table1[[#This Row],[PRICE]]),MEDIAN(Table1[PRICE]),Table1[[#This Row],[PRICE]]) -> 130
A31: 02-DEC-CA | B31: Jeans | C31: Levi's | D31: 50 | E31: 50 | F31: Fashion | I31: 2 | J31: CA | K31: =DATE(2026,MONTH(MID(Sheet2!A31,4,3)&"1"),LEFT(Sheet2!A31,2)) -> 46358 | L31: =ISBLANK(Table1[[#This Row],[PRICE]]) -> FALSE | M31: Jeans | N31: =CONCATENATE(C31," ",M31) -> Levi's Jeans | O31: Fashion | P31: 50 | Q31: =IF(ISBLANK(Table1[[#This Row],[PRICE]]),MEDIAN(Table1[PRICE]),Table1[[#This Row],[PRICE]]) -> 50
A32: 09-JUL-FR | B32: Watch | C32: Casio | D32: 100 | E32: 20 | F32: Accessories | I32: 9 | J32: FR | K32: =DATE(2026,MONTH(MID(Sheet2!A32,4,3)&"1"),LEFT(Sheet2!A32,2)) -> 46212 | L32: =ISBLANK(Table1[[#This Row],[PRICE]]) -> FALSE | M32: Watch | N32: =CONCATENATE(C32," ",M32) -> Casio Watch | O32: Accessories | P32: 100 | Q32: =IF(ISBLANK(Table1[[#This Row],[PRICE]]),MEDIAN(Table1[PRICE]),Table1[[#This Row],[PRICE]]) -> 100
J37: median | K37: =MEDIAN(D2:D32) -> 130
